Week Starting,Note
2025-01-26,"Tanggal 26 nih.. cie lagiii ultahhhhh xixixix pulang kerjanya yang cepet yah nanti kita ketemuan xixi"
2025-03-05,"This is a placeholder for a weekly message. Edit this with your special note, quote, or motivation!"
2025-03-12,"This is a placeholder for a weekly message. Edit this with your special note, quote, or motivation!"
2025-03-19,"This is a placeholder for a weekly message. Edit this with your special note, quote, or motivation!"
2025-03-26,"This is a placeholder for a weekly message. Edit this with your special note, quote, or motivation!"
2025-04-02,"This is a placeholder for a weekly message. Edit this with your special note, quote, or motivation!"
2025-04-09,"This is a placeholder for a weekly message. Edit this with your special note, quote, or motivation!"
2025-04-16,"This is a placeholder for a weekly message. Edit this with your special note, quote, or motivation!"
2025-04-23,"This is a placeholder for a weekly message. Edit this with your special note, quote, or motivation!"
2025-04-30,"This is a placeholder for a weekly message. Edit this with your special note, quote, or motivation!"
2025-05-07,"This is a placeholder for a weekly message. Edit this with your special note, quote, or motivation!"
2025-05-14,"This is a placeholder for a weekly message. Edit this with your special note, quote, or motivation!"
2025-05-21,"This is a placeholder for a weekly message. Edit this with your special note, quote, or motivation!"
2025-05-28,"This is a placeholder for a weekly message. Edit this with your special note, quote, or motivation!"
2025-06-04,"This is a placeholder for a weekly message. Edit this with your special note, quote, or motivation!"
2025-06-11,"This is a placeholder for a weekly message. Edit this with your special note, quote, or motivation!"
2025-06-18,"This is a placeholder for a weekly message. Edit this with your special note, quote, or motivation!"
2025-06-25,"This is a placeholder for a weekly message. Edit this with your special note, quote, or motivation!"
2025-07-02,"This is a placeholder for a weekly message. Edit this with your special note, quote, or motivation!"
2025-07-09,"This is a placeholder for a weekly message. Edit this with your special note, quote, or motivation!"
2025-07-16,"This is a placeholder for a weekly message. Edit this with your special note, quote, or motivation!"
2025-07-23,"This is a placeholder for a weekly message. Edit this with your special note, quote, or motivation!"
2025-07-30,"This is a placeholder for a weekly message. Edit this with your special note, quote, or motivation!"
2025-08-06,"This is a placeholder for a weekly message. Edit this with your special note, quote, or motivation!"
2025-08-13,"This is a placeholder for a weekly message. Edit this with your special note, quote, or motivation!"
2025-08-20,"This is a placeholder for a weekly message. Edit this with your special note, quote, or motivation!"
2025-08-27,"This is a placeholder for a weekly message. Edit this with your special note, quote, or motivation!"
2025-09-03,"This is a placeholder for a weekly message. Edit this with your special note, quote, or motivation!"
2025-09-10,"This is a placeholder for a weekly message. Edit this with your special note, quote, or motivation!"
2025-09-17,"This is a placeholder for a weekly message. Edit this with your special note, quote, or motivation!"
2025-09-24,"This is a placeholder for a weekly message. Edit this with your special note, quote, or motivation!"
2025-10-01,"This is a placeholder for a weekly message. Edit this with your special note, quote, or motivation!"
2025-10-08,"This is a placeholder for a weekly message. Edit this with your special note, quote, or motivation!"
2025-10-15,"This is a placeholder for a weekly message. Edit this with your special note, quote, or motivation!"
2025-10-22,"This is a placeholder for a weekly message. Edit this with your special note, quote, or motivation!"
2025-10-29,"This is a placeholder for a weekly message. Edit this with your special note, quote, or motivation!"
2025-11-05,"This is a placeholder for a weekly message. Edit this with your special note, quote, or motivation!"
2025-11-12,"This is a placeholder for a weekly message. Edit this with your special note, quote, or motivation!"
2025-11-19,"This is a placeholder for a weekly message. Edit this with your special note, quote, or motivation!"
2025-11-26,"This is a placeholder for a weekly message. Edit this with your special note, quote, or motivation!"
2025-12-03,"This is a placeholder for a weekly message. Edit this with your special note, quote, or motivation!"
2025-12-10,"This is a placeholder for a weekly message. Edit this with your special note, quote, or motivation!"
2025-12-17,"This is a placeholder for a weekly message. Edit this with your special note, quote, or motivation!"
2025-12-24,"This is a placeholder for a weekly message. Edit this with your special note, quote, or motivation!"
2025-12-31,"This is a placeholder for a weekly message. Edit this with your special note, quote, or motivation!"
2026-01-07,"This is a placeholder for a weekly message. Edit this with your special note, quote, or motivation!"
2026-01-14,"This is a placeholder for a weekly message. Edit this with your special note, quote, or motivation!"
2026-01-21,"This is a placeholder for a weekly message. Edit this with your special note, quote, or motivation!"
2026-01-28,"This is a placeholder for a weekly message. Edit this with your special note, quote, or motivation!"
2026-02-04,"This is a placeholder for a weekly message. Edit this with your special note, quote, or motivation!"
2026-02-11,"This is a placeholder for a weekly message. Edit this with your special note, quote, or motivation!"
2026-02-18,"This is a placeholder for a weekly message. Edit this with your special note, quote, or motivation!"
2026-02-25,"This is a placeholder for a weekly message. Edit this with your special note, quote, or motivation!"
